{
  "accuracy": 0.645,
  "labels": [
    "dense",
    "hybrid",
    "sparse"
  ],
  "router_settings": {
    "policy": "classifier",
    "confidence_threshold": 0.45,
    "fallback_mode": "dense",
    "use_retrieval_features": true,
    "retrieval_feature_groups": [
      "basic",
      "score_shape"
    ],
    "label_metrics": [
      "mrr@10"
    ],
    "label_weights": [
      1.0
    ],
    "label_tie_preference": "hybrid",
    "label_near_tie_mode": "dense",
    "label_near_tie_margin": 0.0
  },
  "train_size": 800,
  "test_size": 200,
  "train_label_distribution": {
    "dense": 625,
    "hybrid": 122,
    "sparse": 53
  },
  "test_label_distribution": {
    "dense": 152,
    "hybrid": 31,
    "sparse": 17
  },
  "predicted_label_distribution": {
    "dense": 151,
    "hybrid": 37,
    "sparse": 12
  },
  "metrics": [
    "recall@10",
    "mrr@10",
    "ndcg@10"
  ],
  "baselines": {
    "sparse": {
      "recall@10": 0.1659999999999999,
      "mrr@10": 0.3019543650793652,
      "ndcg@10": 0.1669324681700718,
      "queries_evaluated": 200,
      "avg_latency_ms": 125.47160265035927,
      "avg_estimated_total_tokens": 1768.675,
      "avg_estimated_cost_usd": 0.0035373499999999973
    },
    "dense": {
      "recall@10": 0.25099999999999995,
      "mrr@10": 0.3722500000000001,
      "ndcg@10": 0.23072703124094424,
      "queries_evaluated": 200,
      "avg_latency_ms": 20.53818566724658,
      "avg_estimated_total_tokens": 1640.18,
      "avg_estimated_cost_usd": 0.0032803599999999982
    },
    "hybrid": {
      "recall@10": 0.24275000000000024,
      "mrr@10": 0.343248015873016,
      "ndcg@10": 0.21781870899801864,
      "queries_evaluated": 200,
      "avg_latency_ms": 149.0146592259407,
      "avg_estimated_total_tokens": 1711.22,
      "avg_estimated_cost_usd": 0.0034224399999999993
    }
  },
  "router": {
    "recall@10": 0.25100000000000017,
    "mrr@10": 0.369873015873016,
    "ndcg@10": 0.22778885932444617,
    "queries_evaluated": 200,
    "avg_latency_ms": 56.557743437588215,
    "avg_estimated_total_tokens": 1651.375,
    "avg_estimated_cost_usd": 0.0033027499999999997
  },
  "oracle": {
    "recall@10": 0.26350000000000023,
    "mrr@10": 0.4636349206349206,
    "ndcg@10": 0.26000731122009596,
    "queries_evaluated": 200,
    "avg_latency_ms": 114.90077772177756,
    "avg_estimated_total_tokens": 1700.97,
    "avg_estimated_cost_usd": 0.0034019399999999996
  }
}