{
  "accuracy": 0.5308641975308642,
  "labels": [
    "dense",
    "hybrid",
    "sparse"
  ],
  "router_settings": {
    "policy": "classifier",
    "confidence_threshold": 0.45,
    "fallback_mode": "dense",
    "use_retrieval_features": true,
    "label_metrics": [
      "mrr@10"
    ],
    "label_weights": [
      1.0
    ],
    "label_tie_preference": "hybrid",
    "label_near_tie_mode": null,
    "label_near_tie_margin": 0.0
  },
  "train_size": 5500,
  "test_size": 648,
  "train_label_distribution": {
    "dense": 1420,
    "hybrid": 3769,
    "sparse": 311
  },
  "test_label_distribution": {
    "dense": 174,
    "hybrid": 432,
    "sparse": 42
  },
  "predicted_label_distribution": {
    "dense": 301,
    "hybrid": 305,
    "sparse": 42
  },
  "metrics": [
    "recall@10",
    "mrr@10",
    "ndcg@10"
  ],
  "baselines": {
    "sparse": {
      "recall@10": 0.2783987874265653,
      "mrr@10": 0.27133793846756793,
      "ndcg@10": 0.2175091816978161,
      "queries_evaluated": 648,
      "avg_latency_ms": 298.9858112752116,
      "avg_estimated_total_tokens": 2022.030864197531,
      "avg_estimated_cost_usd": 0.004044061728395061
    },
    "dense": {
      "recall@10": 0.4389379867389126,
      "mrr@10": 0.44633916323731143,
      "ndcg@10": 0.36873980297106335,
      "queries_evaluated": 648,
      "avg_latency_ms": 10.022063794212393,
      "avg_estimated_total_tokens": 1431.067901234568,
      "avg_estimated_cost_usd": 0.002862135802469136
    },
    "hybrid": {
      "recall@10": 0.43076194210453456,
      "mrr@10": 0.4095385067607288,
      "ndcg@10": 0.34423710957599396,
      "queries_evaluated": 648,
      "avg_latency_ms": 290.48854356378683,
      "avg_estimated_total_tokens": 1764.6049382716049,
      "avg_estimated_cost_usd": 0.003529209876543207
    }
  },
  "router": {
    "recall@10": 0.43215817961188324,
    "mrr@10": 0.43423782578875175,
    "ndcg@10": 0.35908232801175766,
    "queries_evaluated": 648,
    "avg_latency_ms": 156.9245668547803,
    "avg_estimated_total_tokens": 1632.8055555555557,
    "avg_estimated_cost_usd": 0.0032656111111111115
  },
  "oracle": {
    "recall@10": 0.48591883510864964,
    "mrr@10": 0.5509877767979617,
    "ndcg@10": 0.4311046712184999,
    "queries_evaluated": 648,
    "avg_latency_ms": 214.8637419572261,
    "avg_estimated_total_tokens": 1691.9552469135801,
    "avg_estimated_cost_usd": 0.003383910493827157
  }
}