{
  "accuracy": 0.4567901234567901,
  "labels": [
    "dense",
    "hybrid",
    "sparse"
  ],
  "router_settings": {
    "policy": "classifier",
    "confidence_threshold": 0.45,
    "fallback_mode": "dense",
    "use_retrieval_features": false,
    "label_metrics": [
      "mrr@10"
    ],
    "label_weights": [
      1.0
    ],
    "label_tie_preference": "hybrid",
    "label_near_tie_mode": null,
    "label_near_tie_margin": 0.0
  },
  "train_size": 5500,
  "test_size": 648,
  "train_label_distribution": {
    "dense": 1420,
    "hybrid": 3769,
    "sparse": 311
  },
  "test_label_distribution": {
    "dense": 174,
    "hybrid": 432,
    "sparse": 42
  },
  "predicted_label_distribution": {
    "dense": 294,
    "hybrid": 320,
    "sparse": 34
  },
  "metrics": [
    "recall@10",
    "mrr@10",
    "ndcg@10"
  ],
  "baselines": {
    "sparse": {
      "recall@10": 0.2783987874265653,
      "mrr@10": 0.27133793846756793,
      "ndcg@10": 0.2175091816978161,
      "queries_evaluated": 648,
      "avg_latency_ms": 382.8834788557602,
      "avg_estimated_total_tokens": 2022.030864197531,
      "avg_estimated_cost_usd": 0.004044061728395061
    },
    "dense": {
      "recall@10": 0.4389379867389126,
      "mrr@10": 0.44633916323731143,
      "ndcg@10": 0.36873980297106335,
      "queries_evaluated": 648,
      "avg_latency_ms": 13.220616409348118,
      "avg_estimated_total_tokens": 1431.067901234568,
      "avg_estimated_cost_usd": 0.002862135802469136
    },
    "hybrid": {
      "recall@10": 0.43076194210453456,
      "mrr@10": 0.4095385067607288,
      "ndcg@10": 0.34423710957599396,
      "queries_evaluated": 648,
      "avg_latency_ms": 397.40935971753464,
      "avg_estimated_total_tokens": 1764.6049382716049,
      "avg_estimated_cost_usd": 0.003529209876543207
    }
  },
  "router": {
    "recall@10": 0.43392071748553224,
    "mrr@10": 0.41758953066823434,
    "ndcg@10": 0.35115281009319843,
    "queries_evaluated": 648,
    "avg_latency_ms": 211.75121751981845,
    "avg_estimated_total_tokens": 1632.1234567901236,
    "avg_estimated_cost_usd": 0.0032642469135802468
  },
  "oracle": {
    "recall@10": 0.48591883510864964,
    "mrr@10": 0.5509877767979617,
    "ndcg@10": 0.4311046712184999,
    "queries_evaluated": 648,
    "avg_latency_ms": 293.90420500522504,
    "avg_estimated_total_tokens": 1691.9552469135801,
    "avg_estimated_cost_usd": 0.003383910493827157
  }
}