{
  "accuracy": 0.64,
  "labels": [
    "dense",
    "hybrid",
    "sparse"
  ],
  "router_settings": {
    "policy": "classifier",
    "confidence_threshold": 0.45,
    "fallback_mode": "dense",
    "use_retrieval_features": false,
    "label_metrics": [
      "mrr@10"
    ],
    "label_weights": [
      1.0
    ],
    "label_tie_preference": "hybrid",
    "label_near_tie_mode": "dense",
    "label_near_tie_margin": 0.02
  },
  "train_size": 800,
  "test_size": 200,
  "train_label_distribution": {
    "dense": 628,
    "hybrid": 119,
    "sparse": 53
  },
  "test_label_distribution": {
    "dense": 152,
    "hybrid": 31,
    "sparse": 17
  },
  "predicted_label_distribution": {
    "dense": 163,
    "hybrid": 24,
    "sparse": 13
  },
  "metrics": [
    "recall@10",
    "mrr@10",
    "ndcg@10"
  ],
  "baselines": {
    "sparse": {
      "recall@10": 0.1659999999999999,
      "mrr@10": 0.3019543650793652,
      "ndcg@10": 0.1669324681700718,
      "queries_evaluated": 200,
      "avg_latency_ms": 401.7573812697083,
      "avg_estimated_total_tokens": 1768.675,
      "avg_estimated_cost_usd": 0.0035373499999999973
    },
    "dense": {
      "recall@10": 0.25099999999999995,
      "mrr@10": 0.3722500000000001,
      "ndcg@10": 0.23072703124094424,
      "queries_evaluated": 200,
      "avg_latency_ms": 2089.0611929632723,
      "avg_estimated_total_tokens": 1640.18,
      "avg_estimated_cost_usd": 0.0032803599999999982
    },
    "hybrid": {
      "recall@10": 0.24275000000000024,
      "mrr@10": 0.343248015873016,
      "ndcg@10": 0.21781870899801864,
      "queries_evaluated": 200,
      "avg_latency_ms": 2563.420874448493,
      "avg_estimated_total_tokens": 1711.22,
      "avg_estimated_cost_usd": 0.0034224399999999993
    }
  },
  "router": {
    "recall@10": 0.2427500000000001,
    "mrr@10": 0.36589682539682544,
    "ndcg@10": 0.2254387077720025,
    "queries_evaluated": 200,
    "avg_latency_ms": 2075.7076379098,
    "avg_estimated_total_tokens": 1650.785,
    "avg_estimated_cost_usd": 0.003301569999999998
  },
  "oracle": {
    "recall@10": 0.26350000000000023,
    "mrr@10": 0.4636349206349206,
    "ndcg@10": 0.26000731122009596,
    "queries_evaluated": 200,
    "avg_latency_ms": 2313.2470949646086,
    "avg_estimated_total_tokens": 1700.97,
    "avg_estimated_cost_usd": 0.0034019399999999996
  }
}