{
  "accuracy": 0.71,
  "labels": [
    "dense",
    "hybrid",
    "sparse"
  ],
  "router_settings": {
    "policy": "classifier",
    "confidence_threshold": 0.5,
    "fallback_mode": "dense",
    "use_retrieval_features": true,
    "retrieval_feature_groups": [
      "basic",
      "query_match"
    ],
    "label_metrics": [
      "mrr@10"
    ],
    "label_weights": [
      1.0
    ],
    "label_tie_preference": "hybrid",
    "label_near_tie_mode": null,
    "label_near_tie_margin": 0.0
  },
  "train_size": 809,
  "test_size": 300,
  "train_label_distribution": {
    "dense": 99,
    "hybrid": 639,
    "sparse": 71
  },
  "test_label_distribution": {
    "dense": 36,
    "hybrid": 233,
    "sparse": 31
  },
  "predicted_label_distribution": {
    "dense": 76,
    "hybrid": 194,
    "sparse": 30
  },
  "metrics": [
    "recall@10",
    "mrr@10",
    "ndcg@10"
  ],
  "baselines": {
    "sparse": {
      "recall@10": 0.7756666666666666,
      "mrr@10": 0.6183650793650796,
      "ndcg@10": 0.652284944994416,
      "queries_evaluated": 300,
      "avg_latency_ms": 12.019393884887299,
      "avg_estimated_total_tokens": 2274.3633333333332,
      "avg_estimated_cost_usd": 0.004548726666666664
    },
    "dense": {
      "recall@10": 0.79,
      "mrr@10": 0.6055357142857142,
      "ndcg@10": 0.6479491607164062,
      "queries_evaluated": 300,
      "avg_latency_ms": 4.663562104105949,
      "avg_estimated_total_tokens": 2165.383333333333,
      "avg_estimated_cost_usd": 0.004330766666666669
    },
    "hybrid": {
      "recall@10": 0.8305555555555555,
      "mrr@10": 0.6562724867724867,
      "ndcg@10": 0.69388083905276,
      "queries_evaluated": 300,
      "avg_latency_ms": 15.384140157451233,
      "avg_estimated_total_tokens": 2208.9766666666665,
      "avg_estimated_cost_usd": 0.004417953333333332
    }
  },
  "router": {
    "recall@10": 0.8311666666666666,
    "mrr@10": 0.6558505291005291,
    "ndcg@10": 0.697097601787702,
    "queries_evaluated": 300,
    "avg_latency_ms": 12.293772492557764,
    "avg_estimated_total_tokens": 2209.2766666666666,
    "avg_estimated_cost_usd": 0.0044185533333333344
  },
  "oracle": {
    "recall@10": 0.8662222222222222,
    "mrr@10": 0.7336851851851853,
    "ndcg@10": 0.7606334548163898,
    "queries_evaluated": 300,
    "avg_latency_ms": 13.653496702512106,
    "avg_estimated_total_tokens": 2207.133333333333,
    "avg_estimated_cost_usd": 0.004414266666666665
  }
}