{
  "accuracy": 0.58,
  "labels": [
    "dense",
    "hybrid",
    "sparse"
  ],
  "router_settings": {
    "policy": "classifier",
    "confidence_threshold": 0.45,
    "fallback_mode": "dense",
    "use_retrieval_features": true,
    "retrieval_feature_groups": [
      "basic",
      "score_shape",
      "query_match"
    ],
    "label_metrics": [
      "mrr@10"
    ],
    "label_weights": [
      1.0
    ],
    "label_tie_preference": "hybrid",
    "label_near_tie_mode": "dense",
    "label_near_tie_margin": 0.0
  },
  "train_size": 800,
  "test_size": 200,
  "train_label_distribution": {
    "dense": 625,
    "hybrid": 122,
    "sparse": 53
  },
  "test_label_distribution": {
    "dense": 152,
    "hybrid": 31,
    "sparse": 17
  },
  "predicted_label_distribution": {
    "dense": 140,
    "hybrid": 43,
    "sparse": 17
  },
  "metrics": [
    "recall@10",
    "mrr@10",
    "ndcg@10"
  ],
  "baselines": {
    "sparse": {
      "recall@10": 0.1659999999999999,
      "mrr@10": 0.3019543650793652,
      "ndcg@10": 0.1669324681700718,
      "queries_evaluated": 200,
      "avg_latency_ms": 238.4499393310398,
      "avg_estimated_total_tokens": 1768.675,
      "avg_estimated_cost_usd": 0.0035373499999999973
    },
    "dense": {
      "recall@10": 0.25099999999999995,
      "mrr@10": 0.3722500000000001,
      "ndcg@10": 0.23072703124094424,
      "queries_evaluated": 200,
      "avg_latency_ms": 39.29246689192951,
      "avg_estimated_total_tokens": 1640.18,
      "avg_estimated_cost_usd": 0.0032803599999999982
    },
    "hybrid": {
      "recall@10": 0.24275000000000024,
      "mrr@10": 0.343248015873016,
      "ndcg@10": 0.21781870899801864,
      "queries_evaluated": 200,
      "avg_latency_ms": 263.0482849571854,
      "avg_estimated_total_tokens": 1711.22,
      "avg_estimated_cost_usd": 0.0034224399999999993
    }
  },
  "router": {
    "recall@10": 0.24650000000000014,
    "mrr@10": 0.3716091269841272,
    "ndcg@10": 0.22756135376854483,
    "queries_evaluated": 200,
    "avg_latency_ms": 102.4721288215369,
    "avg_estimated_total_tokens": 1654.47,
    "avg_estimated_cost_usd": 0.003308939999999999
  },
  "oracle": {
    "recall@10": 0.26350000000000023,
    "mrr@10": 0.4636349206349206,
    "ndcg@10": 0.26000731122009596,
    "queries_evaluated": 200,
    "avg_latency_ms": 210.30706419609487,
    "avg_estimated_total_tokens": 1700.97,
    "avg_estimated_cost_usd": 0.0034019399999999996
  }
}