{
  "accuracy": 0.5709876543209876,
  "labels": [
    "dense",
    "hybrid",
    "sparse"
  ],
  "router_settings": {
    "policy": "classifier",
    "confidence_threshold": 0.45,
    "fallback_mode": "dense",
    "use_retrieval_features": true,
    "label_metrics": [
      "mrr@10"
    ],
    "label_weights": [
      1.0
    ],
    "label_tie_preference": "hybrid",
    "label_near_tie_mode": null,
    "label_near_tie_margin": 0.0
  },
  "train_size": 2590,
  "test_size": 324,
  "train_label_distribution": {
    "dense": 363,
    "hybrid": 1940,
    "sparse": 287
  },
  "test_label_distribution": {
    "dense": 52,
    "hybrid": 250,
    "sparse": 22
  },
  "predicted_label_distribution": {
    "dense": 102,
    "hybrid": 176,
    "sparse": 46
  },
  "metrics": [
    "recall@10",
    "mrr@10",
    "ndcg@10"
  ],
  "baselines": {
    "sparse": {
      "recall@10": 0.10990450823708438,
      "mrr@10": 0.4679024593376444,
      "ndcg@10": 0.26754349540270556,
      "queries_evaluated": 324,
      "avg_latency_ms": 3.5643607584966555,
      "avg_estimated_total_tokens": 2270.0401234567903,
      "avg_estimated_cost_usd": 0.00454008024691358
    },
    "dense": {
      "recall@10": 0.1363897175002834,
      "mrr@10": 0.4991818538114835,
      "ndcg@10": 0.3030347879985279,
      "queries_evaluated": 324,
      "avg_latency_ms": 4.749000509396011,
      "avg_estimated_total_tokens": 2227.1296296296296,
      "avg_estimated_cost_usd": 0.00445425925925926
    },
    "hybrid": {
      "recall@10": 0.13880245901535032,
      "mrr@10": 0.5109678130511462,
      "ndcg@10": 0.30843146628388635,
      "queries_evaluated": 324,
      "avg_latency_ms": 8.174307673111741,
      "avg_estimated_total_tokens": 2204.0864197530864,
      "avg_estimated_cost_usd": 0.004408172839506171
    }
  },
  "router": {
    "recall@10": 0.13728466622770868,
    "mrr@10": 0.5183654223006074,
    "ndcg@10": 0.30655240820092716,
    "queries_evaluated": 324,
    "avg_latency_ms": 6.444252630764687,
    "avg_estimated_total_tokens": 2215.7654320987654,
    "avg_estimated_cost_usd": 0.0044315308641975325
  },
  "oracle": {
    "recall@10": 0.14720115894556907,
    "mrr@10": 0.6006283068783069,
    "ndcg@10": 0.33759428480785547,
    "queries_evaluated": 324,
    "avg_latency_ms": 7.32765310547418,
    "avg_estimated_total_tokens": 2222.895061728395,
    "avg_estimated_cost_usd": 0.004445790123456791
  }
}