{
  "accuracy": 0.7266666666666667,
  "labels": [
    "dense",
    "hybrid",
    "sparse"
  ],
  "router_settings": {
    "policy": "classifier",
    "confidence_threshold": 0.45,
    "fallback_mode": "dense",
    "use_retrieval_features": false,
    "label_metrics": [
      "mrr@10",
      "ndcg@10",
      "recall@10"
    ],
    "label_weights": [
      0.5,
      0.3,
      0.2
    ],
    "label_tie_preference": "dense"
  },
  "train_size": 809,
  "test_size": 300,
  "train_label_distribution": {
    "dense": 591,
    "hybrid": 65,
    "sparse": 153
  },
  "test_label_distribution": {
    "dense": 213,
    "hybrid": 24,
    "sparse": 63
  },
  "predicted_label_distribution": {
    "dense": 232,
    "hybrid": 25,
    "sparse": 43
  },
  "metrics": [
    "recall@10",
    "mrr@10",
    "ndcg@10"
  ],
  "baselines": {
    "sparse": {
      "recall@10": 0.7756666666666666,
      "mrr@10": 0.6183650793650796,
      "ndcg@10": 0.652284944994416,
      "queries_evaluated": 300,
      "avg_latency_ms": 22.793911931415398,
      "avg_estimated_total_tokens": 2274.3633333333332,
      "avg_estimated_cost_usd": 0.004548726666666664
    },
    "dense": {
      "recall@10": 0.79,
      "mrr@10": 0.6055357142857142,
      "ndcg@10": 0.6479491607164062,
      "queries_evaluated": 300,
      "avg_latency_ms": 5.716817869494359,
      "avg_estimated_total_tokens": 2165.383333333333,
      "avg_estimated_cost_usd": 0.004330766666666669
    },
    "hybrid": {
      "recall@10": 0.8305555555555555,
      "mrr@10": 0.6562724867724867,
      "ndcg@10": 0.69388083905276,
      "queries_evaluated": 300,
      "avg_latency_ms": 22.542865220457315,
      "avg_estimated_total_tokens": 2208.9766666666665,
      "avg_estimated_cost_usd": 0.004417953333333332
    }
  },
  "router": {
    "recall@10": 0.82,
    "mrr@10": 0.6538597883597884,
    "ndcg@10": 0.6912037260419938,
    "queries_evaluated": 300,
    "avg_latency_ms": 9.184252768754959,
    "avg_estimated_total_tokens": 2179.42,
    "avg_estimated_cost_usd": 0.004358840000000002
  },
  "oracle": {
    "recall@10": 0.8662222222222222,
    "mrr@10": 0.7336851851851853,
    "ndcg@10": 0.7606334548163898,
    "queries_evaluated": 300,
    "avg_latency_ms": 20.308472501734894,
    "avg_estimated_total_tokens": 2207.133333333333,
    "avg_estimated_cost_usd": 0.004414266666666665
  }
}