{
  "phase": "phase1",
  "experiment": "dense-vs-sparse-vs-hybrid-with-router",
  "dataset": {
    "corpus": "data/scifact/raw/corpus.jsonl",
    "queries": "data/scifact/raw/queries.jsonl",
    "train_qrels": "data/scifact/raw/qrels_train.jsonl",
    "test_qrels": "data/scifact/raw/qrels_test.jsonl",
    "topk": 10
  },
  "router_training": {
    "train_queries": 809,
    "test_queries": 300,
    "train_label_distribution": {
      "dense": 101,
      "hybrid": 637,
      "sparse": 71
    },
    "accuracy": 0.41333333333333333
  },
  "comparison": {
    "sparse": {
      "recall@10": 0.7816111111111111,
      "mrr@10": 0.6337208994708994,
      "ndcg@10": 0.6643898053153046,
      "avg_latency_ms": 15.519560963584809
    },
    "dense": {
      "recall@10": 0.79,
      "mrr@10": 0.6055357142857142,
      "ndcg@10": 0.6479491607164062,
      "avg_latency_ms": 7.594188926620215
    },
    "hybrid": {
      "recall@10": 0.8328888888888889,
      "mrr@10": 0.656116402116402,
      "ndcg@10": 0.6951633468947848,
      "avg_latency_ms": 23.077699433124508
    },
    "router": {
      "recall@10": 0.7957222222222222,
      "mrr@10": 0.6515013227513227,
      "ndcg@10": 0.6832139400954679,
      "avg_latency_ms": 18.9356437400905
    },
    "oracle": {
      "recall@10": 0.8762222222222222,
      "mrr@10": 0.7335132275132275,
      "ndcg@10": 0.763865664658163,
      "avg_latency_ms": 20.484992633234167
    }
  },
  "summary": {
    "best_fixed_strategy": "hybrid",
    "router_tradeoff": "router nearly matches hybrid on ranking quality while reducing average latency",
    "upper_bound_signal": "oracle remains much stronger than the current router, so routing still has headroom"
  }
}
