{
  "accuracy": 0.4567901234567901,
  "labels": [
    "dense",
    "hybrid",
    "sparse"
  ],
  "test_size": 648,
  "metrics": [
    "recall@10",
    "mrr@10",
    "ndcg@10"
  ],
  "baselines": {
    "sparse": {
      "recall@10": 0.2783987874265653,
      "mrr@10": 0.27133793846756793,
      "ndcg@10": 0.2175091816978161,
      "queries_evaluated": 648,
      "avg_latency_ms": 228.16830108038428
    },
    "dense": {
      "recall@10": 0.4389379867389126,
      "mrr@10": 0.44633916323731143,
      "ndcg@10": 0.36873980297106335,
      "queries_evaluated": 648,
      "avg_latency_ms": 10.135533546282979
    },
    "hybrid": {
      "recall@10": 0.43076194210453456,
      "mrr@10": 0.4095385067607288,
      "ndcg@10": 0.34423710957599396,
      "queries_evaluated": 648,
      "avg_latency_ms": 238.44332522689294
    }
  },
  "router": {
    "recall@10": 0.4357456244030317,
    "mrr@10": 0.42378135410542805,
    "ndcg@10": 0.35416994104673893,
    "queries_evaluated": 648,
    "avg_latency_ms": 96.96356852459252
  },
  "oracle": {
    "recall@10": 0.48591883510864964,
    "mrr@10": 0.5509877767979617,
    "ndcg@10": 0.4311046712184999,
    "queries_evaluated": 648,
    "avg_latency_ms": 175.75902901867659
  }
}