{
  "accuracy": 0.41333333333333333,
  "labels": [
    "dense",
    "hybrid",
    "sparse"
  ],
  "test_size": 300,
  "metrics": [
    "recall@10",
    "mrr@10",
    "ndcg@10"
  ],
  "baselines": {
    "sparse": {
      "recall@10": 0.7816111111111111,
      "mrr@10": 0.6337208994708994,
      "ndcg@10": 0.6643898053153046,
      "queries_evaluated": 300,
      "avg_latency_ms": 15.519560963584809
    },
    "dense": {
      "recall@10": 0.79,
      "mrr@10": 0.6055357142857142,
      "ndcg@10": 0.6479491607164062,
      "queries_evaluated": 300,
      "avg_latency_ms": 7.594188926620215
    },
    "hybrid": {
      "recall@10": 0.8328888888888889,
      "mrr@10": 0.656116402116402,
      "ndcg@10": 0.6951633468947848,
      "queries_evaluated": 300,
      "avg_latency_ms": 23.077699433124508
    }
  },
  "router": {
    "recall@10": 0.7957222222222222,
    "mrr@10": 0.6515013227513227,
    "ndcg@10": 0.6832139400954679,
    "queries_evaluated": 300,
    "avg_latency_ms": 18.9356437400905
  },
  "oracle": {
    "recall@10": 0.8762222222222222,
    "mrr@10": 0.7335132275132275,
    "ndcg@10": 0.763865664658163,
    "queries_evaluated": 300,
    "avg_latency_ms": 20.484992633234167
  }
}