{
  "recall@10": 0.20991666666666595,
  "mrr@10": 0.3343496031746031,
  "ndcg@10": 0.19847965982431753,
  "queries_evaluated": 1000,
  "avg_latency_ms": 406.0792808420956,
  "avg_estimated_total_tokens": 1756.995,
  "avg_estimated_cost_usd": 0.0035139900000000046,
  "pred_path": "/home/zzhan621/CSE579/Project-CSE579/results/scidocs/hybrid.jsonl",
  "qrels_path": "data/scidocs/raw/qrels_test.jsonl"
}