{
  "accuracy": 0.605,
  "labels": [
    "dense",
    "hybrid",
    "sparse"
  ],
  "router_settings": {
    "policy": "classifier",
    "confidence_threshold": 0.45,
    "fallback_mode": "dense",
    "use_retrieval_features": false,
    "label_metrics": [
      "mrr@10",
      "ndcg@10",
      "recall@10"
    ],
    "label_weights": [
      0.5,
      0.3,
      0.2
    ],
    "label_tie_preference": "dense"
  },
  "train_size": 800,
  "test_size": 200,
  "train_label_distribution": {
    "dense": 577,
    "hybrid": 135,
    "sparse": 88
  },
  "test_label_distribution": {
    "dense": 140,
    "hybrid": 30,
    "sparse": 30
  },
  "predicted_label_distribution": {
    "dense": 163,
    "hybrid": 17,
    "sparse": 20
  },
  "metrics": [
    "recall@10",
    "mrr@10",
    "ndcg@10"
  ],
  "baselines": {
    "sparse": {
      "recall@10": 0.1659999999999999,
      "mrr@10": 0.3019543650793652,
      "ndcg@10": 0.1669324681700718,
      "queries_evaluated": 200,
      "avg_latency_ms": 69.60481374524534,
      "avg_estimated_total_tokens": 1768.675,
      "avg_estimated_cost_usd": 0.0035373499999999973
    },
    "dense": {
      "recall@10": 0.25099999999999995,
      "mrr@10": 0.3722500000000001,
      "ndcg@10": 0.23072703124094424,
      "queries_evaluated": 200,
      "avg_latency_ms": 7.15515524148941,
      "avg_estimated_total_tokens": 1640.18,
      "avg_estimated_cost_usd": 0.0032803599999999982
    },
    "hybrid": {
      "recall@10": 0.24275000000000024,
      "mrr@10": 0.343248015873016,
      "ndcg@10": 0.21781870899801864,
      "queries_evaluated": 200,
      "avg_latency_ms": 75.27067946270108,
      "avg_estimated_total_tokens": 1711.22,
      "avg_estimated_cost_usd": 0.0034224399999999993
    }
  },
  "router": {
    "recall@10": 0.24075000000000008,
    "mrr@10": 0.36231349206349206,
    "ndcg@10": 0.22400278644840607,
    "queries_evaluated": 200,
    "avg_latency_ms": 21.060933200642467,
    "avg_estimated_total_tokens": 1644.255,
    "avg_estimated_cost_usd": 0.0032885099999999984
  },
  "oracle": {
    "recall@10": 0.26350000000000023,
    "mrr@10": 0.4636349206349206,
    "ndcg@10": 0.26000731122009596,
    "queries_evaluated": 200,
    "avg_latency_ms": 58.430303670465946,
    "avg_estimated_total_tokens": 1700.97,
    "avg_estimated_cost_usd": 0.0034019399999999996
  }
}